City_ID,City,Country,Lat,Lng,Max Temp,Humidity,Cloudiness,Wind Speed,Current Description
0,Batsfjord,NO,70.63,29.72,32.07,87,99,21.32,light snow
1,Nome,US,64.50,-165.41,26.67,74,75,13.8,broken clouds
2,Flin Flon,CA,54.77,-101.86,44.44,65,75,14.97,broken clouds
3,Bluff,NZ,-46.60,168.33,54.72,86,76,7.34,broken clouds
4,Ushuaia,AR,-54.80,-68.30,35.26,87,40,20.71,light snow
5,Vao,NC,-22.67,167.48,72.45,69,42,13.4,scattered clouds
6,Faanui,PF,-16.48,-151.75,75.13,89,98,7.94,moderate rain
7,Manzhouli,CN,49.60,117.43,30.56,81,5,18.52,clear sky
8,Barabinsk,RU,55.36,78.36,42.8,82,100,8.39,light rain
9,Umm Kaddadah,SD,13.60,26.69,82.65,21,97,16.93,overcast clouds
10,Saint-Francois,FR,46.42,3.91,51.48,99,0,3.44,clear sky
11,Rikitea,PF,-23.12,-134.97,75.31,72,78,20.11,broken clouds
12,Bathsheba,BB,13.22,-59.52,83.01,69,20,23.02,few clouds
13,Ocote Paulino,HN,15.42,-87.60,88.0,82,37,4.92,scattered clouds
14,Cabo San Lucas,MX,22.89,-109.91,87.62,57,1,14.97,clear sky
15,Mandalgovi,MN,45.76,106.27,29.5,67,0,6.87,clear sky
16,Hammerfest,NO,70.66,23.68,28.85,80,40,8.05,scattered clouds
17,College,US,64.86,-147.80,30.58,91,90,0.0,overcast clouds
18,Ilulissat,GL,69.22,-51.10,15.82,67,0,1.14,clear sky
19,Ierapetra,GR,35.01,25.74,65.14,59,99,14.0,overcast clouds
20,Saint George,US,37.10,-113.58,79.27,25,20,11.99,few clouds
21,San Patricio,US,28.02,-97.52,91.81,63,94,12.3,overcast clouds
22,Busselton,AU,-33.65,115.33,49.95,78,98,2.19,overcast clouds
23,Ola,RU,59.58,151.28,26.69,76,99,2.66,overcast clouds
24,Yellowknife,CA,62.46,-114.35,42.42,94,90,9.22,overcast clouds
25,Atuona,PF,-9.80,-139.03,77.5,75,25,16.04,light rain
26,Avarua,CK,-21.21,-159.78,77.05,61,75,14.97,broken clouds
27,Hermanus,ZA,-34.42,19.23,60.8,85,50,14.7,scattered clouds
28,Bethel,US,41.37,-73.41,68.0,82,90,9.22,overcast clouds
29,Lazaro Cardenas,MX,17.96,-102.20,76.48,91,100,6.78,overcast clouds
30,Hasaki,JP,35.73,140.83,57.6,90,100,33.38,overcast clouds
31,Jasper,US,37.20,-94.35,60.35,72,40,1.01,scattered clouds
32,Cape Town,ZA,-33.93,18.42,63.88,63,0,1.99,clear sky
33,Barela,IN,23.10,80.05,65.95,61,2,0.96,clear sky
34,Asau,RO,46.43,26.40,33.76,68,0,2.48,clear sky
35,Chardara,KZ,41.25,67.97,55.0,33,54,4.21,broken clouds
36,Port Lincoln,AU,-34.73,135.87,66.88,44,100,18.72,overcast clouds
37,Mataura,NZ,-46.19,168.86,66.04,64,88,1.3,overcast clouds
38,Mar Del Plata,AR,-38.00,-57.56,62.62,59,0,5.01,clear sky
39,Codrington,AU,-38.27,141.97,53.76,60,35,9.17,scattered clouds
40,Ancud,CL,-41.87,-73.82,53.42,95,100,14.67,light rain
41,New Norfolk,AU,-42.78,147.06,53.65,46,21,1.66,few clouds
42,Bredasdorp,ZA,-34.53,20.04,60.28,88,34,6.91,scattered clouds
43,Acapulco,MX,16.86,-99.89,82.22,78,75,2.3,broken clouds
44,Punta Arenas,CL,-53.15,-70.92,42.91,65,75,10.36,broken clouds
45,Qandala,SO,11.47,49.87,80.28,64,37,2.19,scattered clouds
46,Vaini,TO,-21.20,-175.20,78.96,78,20,10.36,few clouds
47,Salamiyah,SY,35.01,37.05,63.1,62,74,3.71,broken clouds
48,Kochki,RU,54.34,80.48,43.52,63,100,9.75,overcast clouds
49,Port Elizabeth,ZA,-33.92,25.57,64.09,88,0,11.5,clear sky
50,Hobart,AU,-42.88,147.33,54.01,62,75,10.36,broken clouds
51,Fairbanks,US,64.84,-147.72,31.1,91,90,0.0,overcast clouds
52,Cidreira,BR,-30.18,-50.21,65.43,79,0,8.08,clear sky
53,Olinda,BR,-8.01,-34.86,82.13,65,40,11.5,scattered clouds
54,Pevek,RU,69.70,170.31,-0.83,95,100,4.47,overcast clouds
55,Sandane,NO,61.77,6.21,50.63,99,100,6.29,overcast clouds
56,Guerrero Negro,MX,27.98,-114.06,70.02,65,17,16.98,few clouds
57,Upernavik,GL,72.79,-56.15,15.26,60,13,5.82,few clouds
58,Imbituba,BR,-28.24,-48.67,69.69,83,0,12.17,clear sky
59,Odweyne,SO,9.41,45.06,73.54,48,75,2.93,broken clouds
60,Albany,US,42.60,-73.97,59.16,90,100,3.49,overcast clouds
61,Kibre Mengist,ET,5.88,38.98,54.63,96,79,1.81,broken clouds
62,Salalah,OM,17.02,54.09,75.29,73,20,3.44,few clouds
63,Labuan,MY,5.28,115.24,77.16,94,20,0.0,few clouds
64,Puerto Ayora,EC,-0.74,-90.35,73.36,94,58,4.0,broken clouds
65,Price,US,39.60,-110.81,64.72,39,1,4.61,clear sky
66,Khasan,RU,42.43,130.64,48.42,69,1,4.05,clear sky
67,Broome,US,42.25,-75.83,66.58,78,1,5.01,clear sky
68,Remanso,BR,-9.62,-42.08,84.88,52,39,3.18,scattered clouds
69,Rancho Palos Verdes,US,33.74,-118.39,61.0,94,90,5.99,light rain
70,Jamestown,US,42.10,-79.24,60.12,87,90,3.0,overcast clouds
71,Kununurra,AU,-15.77,128.73,80.58,78,73,2.3,broken clouds
72,Arraial Do Cabo,BR,-22.97,-42.03,69.76,88,90,4.61,overcast clouds
73,Lovington,US,32.94,-103.35,88.32,17,0,5.01,clear sky
74,Khatanga,RU,71.97,102.50,5.04,96,100,7.58,overcast clouds
75,Santa Isabel Do Rio Negro,BR,-0.41,-65.02,76.86,91,85,1.39,overcast clouds
76,Severo-Kurilsk,RU,50.68,156.12,45.25,68,3,11.01,clear sky
77,Canaries,ES,28.00,-15.50,64.36,80,40,5.01,scattered clouds
78,Chapais,CA,49.78,-74.85,38.98,82,99,5.5,overcast clouds
79,Thompson,CA,55.74,-97.86,39.36,70,75,4.61,broken clouds
80,Saint-Philippe,RE,-21.36,55.77,71.19,82,41,12.84,scattered clouds
81,Kodiak,US,57.79,-152.41,44.11,70,75,12.66,broken clouds
82,Oudtshoorn,ZA,-33.59,22.20,53.96,88,7,1.34,clear sky
83,Ossora,RU,59.24,163.07,31.46,81,100,12.5,overcast clouds
84,Proletarsk,RU,46.70,41.72,33.75,62,19,5.23,few clouds
85,Laguna,US,38.42,-121.42,68.05,59,20,1.01,few clouds
86,Castro,BR,-24.79,-50.01,59.34,90,58,2.93,broken clouds
87,Borogontsy,RU,62.67,131.17,25.57,98,100,3.27,light snow
88,Pacific Grove,US,36.62,-121.92,66.29,77,20,7.0,few clouds
89,Verkhnyaya Inta,RU,65.98,60.31,15.78,89,76,13.53,broken clouds
90,Sorland,NO,67.67,12.69,47.79,94,100,22.3,light rain
91,Athabasca,CA,54.72,-113.29,46.22,67,93,3.11,overcast clouds
92,Nikolskoye,RU,59.70,30.79,45.39,88,99,9.57,overcast clouds
93,Coquimbo,CL,-29.95,-71.34,58.73,82,75,10.36,broken clouds
94,Otradnoye,RU,59.78,30.82,45.55,87,100,9.91,overcast clouds
95,Barrow,US,71.29,-156.79,26.62,86,90,13.8,mist
96,Monte Patria,CL,-30.69,-70.95,67.78,51,11,4.79,few clouds
97,Gat,IL,31.61,34.76,67.41,100,0,2.51,clear sky
98,Avera,US,33.19,-82.53,79.48,83,58,7.52,broken clouds
99,San Jeronimo,PE,-11.95,-75.28,58.37,65,82,6.08,broken clouds
100,Victoria,HK,22.29,114.16,74.25,78,99,1.01,overcast clouds
101,Conakry,GN,9.54,-13.68,80.67,89,40,6.91,moderate rain
102,Narsaq,GL,60.92,-46.05,28.62,46,23,7.92,few clouds
103,Waddan,LY,29.16,16.14,72.54,40,0,4.07,clear sky
104,Tasiilaq,GL,65.61,-37.64,33.96,81,100,6.17,overcast clouds
105,Buzmeyin,TM,38.05,58.21,56.93,47,2,13.8,clear sky
106,Mocuba,MZ,-16.84,36.99,75.92,88,69,7.14,light rain
107,Turbiv,UA,49.35,28.72,34.99,57,6,8.03,clear sky
108,Berdigestyakh,RU,62.10,126.70,31.35,99,100,4.18,light snow
109,Gimli,CA,50.63,-96.99,49.05,66,53,18.41,broken clouds
110,Sur,OM,22.57,59.53,80.02,66,0,7.45,clear sky
111,Kalianget,ID,-7.05,113.93,82.6,74,97,7.58,overcast clouds
112,Dingle,PH,11.00,122.67,78.13,90,88,5.68,overcast clouds
113,Cayenne,GF,4.93,-52.33,77.09,90,75,1.01,light rain
114,East London,ZA,-33.02,27.91,64.26,82,92,12.91,light rain
115,Carnarvon,AU,-24.87,113.63,62.67,67,90,11.5,overcast clouds
116,Hvide Sande,DK,56.00,8.13,53.1,84,84,14.65,broken clouds
117,Haguenau,FR,48.82,7.79,52.07,85,79,3.33,light rain
118,Kavieng,PG,-2.57,150.80,83.64,69,98,3.62,overcast clouds
119,Porto De Moz,BR,-1.75,-52.24,80.76,68,33,2.95,scattered clouds
120,Nianzishan,CN,47.52,122.88,40.19,64,82,7.94,broken clouds
121,Qaanaaq,GL,77.48,-69.36,3.11,60,62,14.47,broken clouds
122,Port Alfred,ZA,-33.59,26.89,63.16,82,25,13.31,scattered clouds
123,Warkworth,NZ,-36.40,174.67,68.9,83,85,2.28,overcast clouds
124,Ewa Beach,US,21.32,-158.01,87.75,52,75,12.66,broken clouds
125,Irituia,BR,-1.77,-47.44,77.43,87,58,2.84,heavy intensity rain
126,Lebu,CL,-37.62,-73.65,53.37,90,6,12.53,clear sky
127,Udachnyy,RU,66.42,112.40,16.25,95,98,6.22,overcast clouds
128,Hilo,US,19.73,-155.09,80.33,77,40,11.5,scattered clouds
129,Ende,ID,-8.84,121.66,81.09,82,76,2.64,broken clouds
130,Port Keats,AU,-14.25,129.55,87.31,61,11,2.15,few clouds
131,Sawtell,AU,-30.38,153.10,71.62,73,90,16.11,overcast clouds
132,Iqaluit,CA,63.75,-68.51,31.73,86,90,5.99,overcast clouds
133,Popondetta,PG,-8.75,148.25,87.62,60,77,2.66,broken clouds
134,Tafalla,ES,42.53,-1.67,54.05,81,97,7.29,overcast clouds
135,Tiksi,RU,71.69,128.87,2.01,96,98,4.85,overcast clouds
136,Butaritari,KI,3.07,172.79,81.63,75,7,7.05,clear sky
137,Prado,BR,-17.34,-39.22,75.78,92,100,3.8,overcast clouds
138,Riberalta,BO,-10.98,-66.10,73.6,94,90,6.91,overcast clouds
139,San Cristobal,VE,7.77,-72.22,77.18,98,89,2.33,overcast clouds
140,Sola,VU,-13.88,167.55,81.54,74,29,16.11,scattered clouds
141,Ponta Delgada,PT,37.73,-25.67,68.72,73,20,5.75,few clouds
142,Tuatapere,NZ,-46.13,167.68,58.55,89,87,1.74,light rain
143,Piacabucu,BR,-10.41,-36.43,77.36,83,0,11.3,clear sky
144,Namibe,AO,-15.20,12.15,63.05,82,7,7.43,clear sky
145,Yumen,CN,40.28,97.20,37.49,53,20,3.94,few clouds
146,Laredo,US,27.51,-99.51,97.09,41,1,12.66,clear sky
147,Tangwani,PK,28.28,69.00,70.59,46,0,4.23,clear sky
148,Dikson,RU,73.51,80.55,13.8,83,100,16.49,overcast clouds
149,Tessalit,ML,20.20,1.01,85.86,19,80,8.77,broken clouds
150,Alice Springs,AU,-23.70,133.88,81.95,44,8,9.22,clear sky
151,Tuktoyaktuk,CA,69.45,-133.04,30.2,100,90,5.75,light snow
152,Raga,SS,8.46,25.68,74.89,79,87,4.32,overcast clouds
153,Kamphaeng Phet,TH,16.25,99.50,69.42,92,65,2.77,broken clouds
154,Riosucio,CO,5.42,-75.70,59.43,98,74,2.17,broken clouds
155,Cururupu,BR,-1.83,-44.87,78.51,82,32,3.87,scattered clouds
156,Kulhudhuffushi,MV,6.62,73.07,81.57,77,97,8.81,overcast clouds
157,Ubaira,BR,-13.27,-39.66,71.28,98,100,3.91,overcast clouds
158,Seoul,KR,37.57,126.98,47.64,97,40,1.14,mist
159,Balabac,PH,7.99,117.06,81.9,76,89,5.77,heavy intensity rain
160,Okara,PK,30.81,73.45,64.56,48,0,4.59,clear sky
161,Santa Rosa,PH,14.31,121.11,80.85,76,66,8.1,broken clouds
162,Ahipara,NZ,-35.17,173.17,68.5,64,25,6.38,scattered clouds
163,Byron Bay,AU,-28.65,153.62,71.71,66,95,11.63,overcast clouds
164,Arawa,PG,-6.21,155.54,87.49,62,35,1.12,scattered clouds
165,La Union,PE,-5.40,-80.75,74.97,55,100,17.02,overcast clouds
166,Bambous Virieux,MU,-20.34,57.76,71.85,83,75,13.8,broken clouds
167,Aichach,DE,48.46,11.13,42.15,94,75,3.44,broken clouds
168,Hamilton,US,39.18,-84.53,54.88,88,90,1.99,light intensity drizzle
169,Havre-Saint-Pierre,CA,50.23,-63.60,44.6,87,1,8.05,clear sky
170,Brits,ZA,-25.63,27.78,64.81,80,54,10.27,broken clouds
171,Abu Samrah,SY,35.30,37.18,63.21,62,50,3.38,scattered clouds
172,Sungairaya,ID,0.70,108.90,78.01,88,85,4.52,overcast clouds
173,Babolna,HU,47.64,17.98,42.78,67,59,8.3,broken clouds
174,Mannarakkat,IN,10.98,76.47,76.55,93,71,2.89,broken clouds
175,Okhotsk,RU,59.38,143.30,21.09,78,52,8.21,broken clouds
176,Ribeira Grande,PT,38.52,-28.70,68.38,77,52,19.51,broken clouds
177,Vestmannaeyjar,IS,63.44,-20.27,41.7,79,100,3.65,overcast clouds
178,Gusau,NG,12.16,6.66,80.46,29,24,4.83,few clouds
179,Norman Wells,CA,65.28,-126.83,23.04,93,90,3.44,overcast clouds
180,Erzin,TR,36.96,36.20,68.52,47,45,2.93,scattered clouds
181,Kytmanovo,RU,53.46,85.45,39.36,67,96,4.47,overcast clouds
182,Katangli,RU,51.71,143.23,39.36,82,2,11.21,clear sky
183,Malaryta,BY,51.79,24.07,38.48,62,57,7.85,broken clouds
184,Quatre Cocos,MU,-20.21,57.76,71.71,73,23,16.69,few clouds
185,Mawlamyine,MM,16.49,97.63,73.72,91,48,5.37,scattered clouds
186,Muzaffargarh,PK,30.08,71.19,68.02,46,0,0.96,clear sky
187,Nanortalik,GL,60.14,-45.24,34.47,61,41,7.74,scattered clouds
188,Chuy,UY,-33.70,-53.46,62.92,76,0,6.33,clear sky
189,Teya,RU,60.38,92.63,27.81,81,99,8.37,overcast clouds
190,Fortuna,US,40.60,-124.16,62.92,64,75,3.0,broken clouds
191,Prince Rupert,CA,54.32,-130.32,51.49,73,100,2.3,overcast clouds
192,Znamensk,RU,48.58,45.73,33.51,69,9,7.92,clear sky
193,Evensk,RU,61.95,159.23,15.58,79,51,6.53,broken clouds
194,Geraldton,AU,-28.77,114.60,54.01,94,75,6.91,broken clouds
195,Muros,ES,42.78,-9.06,60.84,95,2,5.55,clear sky
196,Airai,TL,-8.93,125.41,67.06,55,68,2.82,broken clouds
197,Meulaboh,ID,4.14,96.13,74.66,90,97,3.83,overcast clouds
198,Waipawa,NZ,-41.41,175.52,63.3,53,13,7.99,few clouds
199,Alofi,NU,-19.06,-169.92,82.29,65,75,12.66,broken clouds
200,Katsuura,JP,35.13,140.30,57.22,94,100,33.73,overcast clouds
201,Ekhabi,RU,53.51,142.97,38.08,79,9,5.1,clear sky
202,Kapaa,US,22.08,-159.32,82.38,81,90,3.0,overcast clouds
203,Bastia,FR,42.67,9.33,59.31,61,0,1.99,clear sky
204,Luang Prabang,LA,19.89,102.13,67.59,99,60,1.05,broken clouds
205,Ushtobe,KZ,45.25,77.98,45.14,46,0,7.45,clear sky
206,Ambon,ID,-3.70,128.18,78.94,89,20,3.44,few clouds
207,Baghdad,IQ,33.34,44.40,64.31,42,0,5.75,clear sky
208,Huarmey,PE,-10.07,-78.15,65.84,78,10,7.47,clear sky
209,Lagoa,PT,39.05,-27.98,67.33,73,2,12.75,clear sky
210,Camacha,PT,33.08,-16.33,66.96,68,40,11.5,scattered clouds
211,Ulcinj,ME,41.93,19.22,44.82,61,0,8.9,clear sky
212,Sesheke,ZM,-17.48,24.30,76.08,52,79,3.4,light rain
213,Port Blair,IN,11.67,92.75,80.19,82,93,7.11,overcast clouds
214,Burnie,AU,-41.07,145.92,59.94,47,0,5.68,clear sky
215,Bay Roberts,CA,47.60,-53.26,42.06,72,98,3.0,overcast clouds
216,Kichera,RU,55.94,110.10,34.61,97,100,11.18,moderate rain
217,Nisia Floresta,BR,-6.09,-35.21,81.41,64,31,12.5,scattered clouds
218,Saint-Augustin,CA,51.23,-58.65,38.59,66,47,10.49,scattered clouds
219,Chokurdakh,RU,70.63,147.92,-23.4,100,91,1.77,overcast clouds
220,Buala,SB,-8.14,159.59,85.01,67,53,8.3,broken clouds
221,Killybegs,IE,54.63,-8.45,50.45,89,100,14.7,overcast clouds
222,Hithadhoo,MV,-0.60,73.08,83.05,69,79,15.97,broken clouds
223,Mount Gambier,AU,-37.83,140.77,49.91,76,45,9.22,scattered clouds
224,Iquitos,PE,-3.75,-73.25,89.64,62,75,4.61,light rain
225,Naze,JP,28.37,129.48,67.12,63,0,9.53,clear sky
226,Aguimes,ES,27.91,-15.45,68.63,73,40,11.5,scattered clouds
227,Celestun,MX,20.87,-90.40,83.64,79,30,11.07,scattered clouds
228,Georgetown,MY,5.41,100.34,80.53,92,20,3.0,few clouds
229,Biak,ID,-0.91,122.88,79.14,79,95,1.03,overcast clouds
230,Carai,BR,-17.19,-41.69,66.92,96,97,5.64,overcast clouds
231,Manta,EC,-0.95,-80.73,78.58,73,40,6.91,scattered clouds
232,Baoqing,CN,46.33,132.21,44.53,57,26,6.08,scattered clouds
233,Xining,CN,36.62,101.77,34.95,94,100,1.1,light rain
234,Corsicana,US,32.10,-96.47,88.74,59,1,1.99,clear sky
235,Luderitz,NA,-26.65,15.16,57.0,90,3,5.66,clear sky
236,Cartagena Del Chaira,CO,1.33,-74.84,78.26,82,92,3.06,light rain
237,Estelle,US,29.85,-90.11,87.01,64,40,8.05,scattered clouds
238,Srednekolymsk,RU,67.45,153.68,-5.6,98,83,4.9,broken clouds
239,Amuntai,ID,-2.42,115.25,75.54,96,45,0.72,scattered clouds
240,Vila Velha,BR,-20.33,-40.29,73.35,83,75,11.5,broken clouds
241,Tsuyama,JP,35.05,134.00,54.43,91,29,3.2,scattered clouds
242,Ostersund,SE,63.18,14.64,36.61,100,94,1.14,fog
243,Surgut,RU,61.25,73.42,32.18,100,75,8.95,light shower snow
244,Yichang,CN,30.71,111.28,59.99,67,95,1.74,overcast clouds
245,Bandarbeyla,SO,9.49,50.81,76.28,81,48,3.29,scattered clouds
246,Adre,TD,13.47,22.20,76.91,22,62,10.6,broken clouds
247,Mount Isa,AU,-20.73,139.50,85.77,28,5,6.91,clear sky
248,Fergus Falls,US,46.28,-96.08,48.92,55,1,5.99,clear sky
249,Balyaga,RU,51.15,108.92,26.28,94,58,3.65,broken clouds
250,Lorengau,PG,-2.02,147.27,84.52,67,41,5.12,scattered clouds
251,Qeshm,IR,26.96,56.27,82.29,67,0,7.45,clear sky
252,Jacareacanga,BR,-6.22,-57.75,80.6,69,77,1.57,broken clouds
253,Olafsvik,IS,64.89,-23.71,35.24,69,54,5.12,broken clouds
254,Saskylakh,RU,71.92,114.08,-1.39,97,100,2.73,overcast clouds
255,Yulara,AU,-25.24,130.99,76.84,31,1,6.91,clear sky
256,Lakselv,NO,70.05,24.97,28.22,86,90,9.22,light snow
257,Lakhdenpokhya,RU,61.52,30.20,44.82,86,100,8.77,overcast clouds
258,Tura,IN,25.52,90.22,65.48,92,0,2.89,clear sky
259,Halifax,CA,44.65,-63.57,48.25,79,100,4.61,overcast clouds
260,Utica,US,43.10,-75.23,57.54,95,82,3.0,broken clouds
261,Buraydah,SA,26.33,43.98,77.45,38,0,8.95,clear sky
262,Progreso,MX,21.28,-89.67,88.11,79,70,11.36,broken clouds
263,Sotouboua,TG,8.57,0.98,76.19,75,20,2.91,few clouds
264,Menongue,AO,-14.66,17.69,69.21,64,97,1.32,overcast clouds
265,Ramos Arizpe,MX,25.55,-100.97,82.69,34,75,13.8,broken clouds
266,Kilindoni,TZ,-7.91,39.67,78.69,82,73,9.69,broken clouds
267,Jaguarao,BR,-32.57,-53.38,66.47,78,0,11.39,clear sky
268,Saldanha,ZA,-33.01,17.94,62.65,71,64,10.76,broken clouds
269,Banda Aceh,ID,5.56,95.32,78.28,82,100,7.23,overcast clouds
270,Deputatskiy,RU,69.30,139.90,-2.25,99,99,1.5,overcast clouds
271,San Jose,US,37.34,-121.89,66.36,53,75,12.66,broken clouds
272,Isangel,VU,-19.55,169.27,82.51,69,16,9.22,few clouds
273,Vanimo,PG,-2.67,141.30,81.99,76,38,5.28,scattered clouds
274,Cherskiy,RU,68.75,161.30,-11.36,95,99,2.19,overcast clouds
275,San Juan,AR,-31.54,-68.54,88.66,8,3,15.08,clear sky
276,Yartsevo,RU,55.07,32.70,33.96,79,56,9.75,broken clouds
277,Nyimba,ZM,-14.56,30.81,78.49,43,3,7.31,clear sky
278,Nyurba,RU,63.28,118.33,31.24,91,98,7.54,overcast clouds
279,Salo,IT,45.61,10.53,52.83,76,93,2.48,overcast clouds
280,Upington,ZA,-28.45,21.26,64.78,52,40,2.3,scattered clouds
281,Scarborough,GB,54.28,-0.40,48.07,85,51,3.0,broken clouds
282,Flinders,AU,-34.58,150.86,68.05,61,2,3.0,clear sky
283,Zlatoust,RU,55.17,59.65,24.24,86,96,12.93,overcast clouds
284,Bengkulu,ID,-3.80,102.27,74.34,89,100,3.04,overcast clouds
285,Aklavik,CA,68.22,-135.01,25.63,95,97,1.54,overcast clouds
286,Omsukchan,RU,62.53,155.80,2.59,98,54,2.71,broken clouds
287,Hofn,IS,64.25,-15.21,40.71,71,100,4.76,overcast clouds
288,Broken Hill,AU,-31.95,141.43,62.31,25,0,10.36,clear sky
289,Cap Malheureux,MU,-19.98,57.61,72.09,80,7,4.0,clear sky
290,Inta,RU,66.03,60.17,15.42,89,71,13.56,broken clouds
291,Gunjur,GM,13.20,-16.73,78.87,89,75,0.0,broken clouds
292,Torbay,CA,47.67,-52.73,41.29,81,90,10.36,overcast clouds
293,Puerto Escondido,MX,15.85,-97.07,83.12,80,92,6.17,overcast clouds
294,Grand Gaube,MU,-20.01,57.66,72.0,80,8,4.0,clear sky
295,Yantal,RU,56.85,105.25,42.73,86,100,17.72,light rain
296,Sinnamary,GF,5.38,-52.95,77.52,90,100,9.51,overcast clouds
297,Kologriv,RU,58.83,44.32,33.01,97,100,11.05,light snow
298,Severo-Yeniseyskiy,RU,60.37,93.04,24.48,82,99,9.53,overcast clouds
299,Yuli,NG,9.70,10.27,80.55,64,66,5.01,broken clouds
300,Garowe,SO,8.41,48.48,72.39,81,53,9.73,broken clouds
301,Vagur,FO,61.47,-6.81,46.42,83,99,17.56,overcast clouds
302,Saint-Pierre,RE,-21.34,55.48,71.28,70,20,3.44,few clouds
303,Del Rio,US,29.36,-100.90,95.11,43,1,11.5,clear sky
304,Baruun-Urt,MN,46.68,113.28,30.31,77,25,5.73,scattered clouds
305,Parabel,RU,58.70,81.48,34.47,83,100,8.86,overcast clouds
306,Eyl,SO,7.98,49.82,77.34,78,66,4.79,broken clouds
307,Kushiro,JP,42.98,144.37,43.75,87,75,5.75,broken clouds
308,Lasa,IT,46.62,10.70,49.46,48,95,1.43,overcast clouds
309,Terrace,CA,54.52,-128.60,51.71,71,90,3.44,overcast clouds
310,Souillac,MU,-20.52,57.52,71.98,83,75,13.8,broken clouds
311,Umm Lajj,SA,25.02,37.27,79.25,53,0,6.06,clear sky
312,Komsomolskiy,UZ,40.43,71.72,45.82,42,8,6.91,clear sky
313,Bandarban,BD,22.20,92.23,71.51,91,87,2.48,overcast clouds
314,Hambantota,LK,6.12,81.12,78.58,83,100,10.29,heavy intensity rain
315,Svetlyy,RU,54.67,20.13,37.45,68,100,11.61,overcast clouds
316,Inverell,AU,-29.78,151.12,70.11,46,0,1.99,clear sky
317,Poum,NC,-20.23,164.02,76.48,68,17,14.61,few clouds
318,Esperance,AU,-33.87,121.90,51.64,64,63,5.1,broken clouds
319,Kaitangata,NZ,-46.28,169.85,56.08,80,100,6.85,overcast clouds
320,Nyazepetrovsk,RU,56.05,59.60,25.47,83,92,9.93,overcast clouds
321,Ucluelet,CA,48.93,-125.55,53.1,90,100,3.0,light rain
322,Beloha,MG,-25.17,45.05,71.4,93,23,8.3,few clouds
323,Mercedes,AR,-34.65,-59.43,78.03,48,18,6.17,few clouds
324,Gazli,UZ,40.13,63.45,53.58,31,59,7.87,broken clouds
325,Livingston,GB,55.90,-3.52,48.67,86,0,6.91,clear sky
326,Elk City,US,35.41,-99.40,79.29,36,1,11.5,clear sky
327,Wanning,CN,18.80,110.40,71.37,86,100,9.48,overcast clouds
328,Roald,NO,62.58,6.13,51.33,76,90,10.36,overcast clouds
329,Maria Aurora,PH,15.80,121.47,75.22,91,67,0.34,broken clouds
330,Ankang,CN,32.68,109.02,58.05,91,100,0.74,light rain
331,Williams Lake,CA,52.14,-122.14,51.37,52,75,4.0,broken clouds
332,Aswan,EG,24.09,32.91,74.5,33,0,10.36,clear sky
333,Tautira,PF,-17.73,-149.15,82.42,77,89,4.07,light rain
334,Nyirtass,HU,48.12,22.03,40.95,56,1,5.23,clear sky
335,Nara,JP,34.69,135.80,58.28,88,74,3.94,broken clouds
336,Nouadhibou,MR,20.93,-17.03,73.38,64,100,17.27,overcast clouds
337,Sao Filipe,CV,14.90,-24.50,78.94,76,36,9.75,scattered clouds
338,Yarada,IN,17.65,83.27,77.32,88,40,2.3,mist
339,Tunceli,TR,39.11,39.55,49.06,57,65,6.6,broken clouds
340,Saint Andrews,US,34.05,-81.13,78.89,79,40,3.44,scattered clouds
341,Lavrentiya,RU,65.58,-171.00,17.94,76,100,9.55,overcast clouds
342,Lincoln,US,40.80,-96.67,55.35,62,1,5.01,clear sky
343,Severnoye,RU,56.35,78.36,41.43,84,100,11.14,light rain
344,Santa Barbara,US,34.73,-120.03,60.78,79,40,9.22,scattered clouds
345,Longyearbyen,SJ,78.22,15.64,19.24,63,20,18.41,few clouds
346,Hastings,GB,50.86,0.57,54.28,90,51,10.13,broken clouds
347,Grasse,FR,43.67,6.92,55.8,83,90,3.44,overcast clouds
348,Zonguldak,TR,41.25,31.83,38.03,88,0,3.22,clear sky
349,Banjar,ID,-8.19,114.97,78.66,85,88,3.74,overcast clouds
350,Klaksvik,FO,62.23,-6.59,41.92,78,100,11.1,overcast clouds
351,Woodland,US,38.68,-121.77,68.05,68,40,4.0,scattered clouds
352,Tilichiki,RU,60.47,166.10,30.22,95,100,13.78,light snow
353,Katherine,AU,-14.47,132.27,86.32,58,0,6.91,clear sky
354,Nemuro,JP,43.32,145.57,55.2,83,100,8.37,overcast clouds
355,Nola,IT,40.92,14.53,65.35,78,100,8.99,overcast clouds
356,Adrar,MR,20.50,-10.07,82.65,16,87,14.61,overcast clouds
357,Mahajanga,MG,-15.72,46.32,78.82,89,40,8.05,light rain
358,Nha Trang,VN,12.25,109.18,75.2,94,100,9.57,overcast clouds
359,Vista Hermosa,MX,19.52,-99.22,72.39,42,94,8.08,overcast clouds
360,Aasiaat,GL,68.71,-52.87,4.37,94,38,4.45,scattered clouds
361,Dabola,GN,10.75,-11.12,72.45,92,99,1.32,light rain
362,Manga,BF,11.66,-1.07,81.36,47,75,7.65,broken clouds
363,Voh,NC,-20.97,164.70,81.23,49,7,4.16,clear sky
364,Lac Du Bonnet,CA,50.25,-96.06,43.18,60,11,10.54,few clouds
365,Itarema,BR,-2.92,-39.92,80.15,73,2,17.31,clear sky
366,Korla,CN,41.76,86.15,46.38,44,0,3.24,clear sky
367,Pangnirtung,CA,66.15,-65.71,24.8,74,75,2.3,broken clouds
368,Banfora,BF,10.63,-4.77,77.31,76,55,3.91,broken clouds
369,Bowen,AU,-20.02,148.23,79.02,66,88,11.05,overcast clouds
370,Tignere,CM,7.37,12.65,66.4,87,97,2.04,overcast clouds
371,Dhidhdhoo,MV,6.88,73.10,81.75,78,96,9.24,overcast clouds
372,Esmeraldas,BR,-19.76,-44.31,72.64,89,98,11.18,overcast clouds
373,Biltine,TD,14.53,20.92,82.44,20,11,7.18,few clouds
374,Ponta Do Sol,PT,32.67,-17.10,70.72,72,43,6.04,scattered clouds
375,Praya,CV,14.92,-23.51,79.34,83,40,16.11,scattered clouds
376,Provideniya,RU,64.38,-173.30,21.31,58,75,6.71,broken clouds
377,Peniche,PT,39.36,-9.38,63.45,91,0,14.34,clear sky
378,Manacapuru,BR,-3.30,-60.62,88.38,70,89,1.45,moderate rain
379,Jardim,BR,-21.48,-56.14,70.72,58,72,4.5,broken clouds
380,Mecca,SA,21.43,39.83,79.02,62,1,2.46,clear sky
381,Leningradskiy,RU,69.38,178.42,9.05,94,100,16.02,overcast clouds
382,Clyde River,CA,70.47,-68.59,25.03,74,90,2.3,overcast clouds
383,Matagami,CA,49.75,-77.63,37.51,81,75,4.61,broken clouds
384,Sibiti,CG,-3.68,13.35,70.3,98,98,2.8,overcast clouds
385,Pedernales,DO,18.04,-71.74,82.44,71,32,3.96,scattered clouds
386,Soe,ID,-9.86,124.28,74.14,63,80,4.45,broken clouds
387,Jaruco,CU,23.04,-82.01,83.53,74,97,6.2,overcast clouds
388,Tera,NE,14.01,0.75,86.0,23,38,1.48,scattered clouds
389,Safford,US,32.83,-109.71,88.05,20,0,4.27,clear sky
390,Lucea,JM,18.45,-78.17,84.85,75,32,3.38,scattered clouds
391,Gumdag,TM,39.21,54.59,55.47,66,30,11.72,scattered clouds
392,Dudinka,RU,69.41,86.18,13.59,96,99,10.02,overcast clouds
393,Butte,US,39.65,-121.57,65.91,47,1,4.61,clear sky
394,Ulaangom,MN,49.98,92.07,29.98,74,17,2.3,few clouds
395,Wiarton,CA,44.74,-81.13,45.05,93,90,13.8,overcast clouds
396,Pizarro,CO,4.95,-77.37,78.17,87,61,6.13,light rain
397,Rio Grande,BR,-32.03,-52.10,78.91,77,0,9.17,clear sky
398,Te Anau,NZ,-45.42,167.72,61.9,74,62,3.44,broken clouds
399,Mildura,AU,-34.20,142.15,64.08,44,0,9.22,clear sky
400,Kabinda,CD,-6.13,24.48,68.29,94,95,3.18,overcast clouds
401,Bara,NG,10.37,10.73,81.12,55,91,6.02,overcast clouds
402,Uruzgan,AF,32.83,66.00,50.49,24,71,6.73,broken clouds
403,Saint Anthony,US,45.02,-93.22,53.62,46,1,1.01,clear sky
404,Lulea,SE,65.58,22.15,32.07,100,90,2.3,overcast clouds
405,Margate,GB,51.38,1.39,51.89,89,61,1.01,broken clouds
406,Ipojuca,BR,-8.40,-35.06,82.31,75,30,10.6,scattered clouds
407,Algiers,DZ,36.75,3.04,57.02,88,40,3.44,scattered clouds
408,Gull Lake,CA,50.10,-108.48,50.36,55,100,15.68,overcast clouds
409,Linhares,BR,-19.39,-40.07,71.69,90,98,7.54,overcast clouds
410,Scottsboro,US,34.67,-86.03,75.04,60,1,6.91,clear sky
411,Srinagar,IN,34.08,74.82,43.95,66,0,1.25,clear sky
412,Birao,CF,10.28,22.79,76.69,43,97,3.15,overcast clouds
413,Foumban,CM,5.73,10.90,64.18,94,100,3.22,overcast clouds
414,Murdochville,CA,48.96,-65.50,34.68,87,9,1.86,clear sky
415,Strezhevoy,RU,60.73,77.59,30.18,92,100,10.47,overcast clouds
416,Thinadhoo,MV,0.53,72.93,83.5,71,98,16.31,overcast clouds
417,Karasjok,NO,69.47,25.51,24.91,96,100,10.56,light snow
418,North Bend,US,43.41,-124.22,55.85,96,90,11.5,overcast clouds
419,Sorong,ID,-0.88,131.25,80.56,80,64,7.16,broken clouds
420,Taoudenni,ML,22.68,-3.98,86.99,17,61,9.4,broken clouds
421,Bedesa,ET,8.90,40.78,62.83,52,46,2.82,scattered clouds
422,Talnakh,RU,69.49,88.40,15.91,95,100,6.33,light snow
423,Nuuk,GL,64.18,-51.72,27.21,54,20,16.11,few clouds
424,Ouango,CF,4.31,22.56,71.13,91,77,0.63,broken clouds
425,Ust-Nera,RU,64.57,143.20,6.94,98,98,2.82,overcast clouds
426,Kautokeino,NO,69.01,23.04,22.86,96,100,5.88,light snow
427,Coihaique,CL,-45.58,-72.07,46.35,81,90,9.22,moderate rain
428,Balkhash,KZ,46.84,74.98,45.01,54,34,4.47,scattered clouds
429,Paamiut,GL,61.99,-49.67,36.79,59,25,10.47,scattered clouds
430,Khandyga,RU,62.67,135.60,21.04,98,99,2.66,overcast clouds
431,Muscle Shoals,US,34.74,-87.67,69.94,70,1,4.0,clear sky
432,Teykovo,RU,56.86,40.54,33.48,80,99,10.83,overcast clouds
433,Santa Isabel Do Para,BR,-1.30,-48.16,78.62,97,75,3.18,moderate rain
434,Honningsvag,NO,70.98,25.97,34.5,77,91,24.47,overcast clouds
435,Porbandar,IN,21.64,69.61,75.72,52,0,7.05,clear sky
436,Lompoc,US,34.64,-120.46,66.42,73,20,14.97,few clouds
437,Mahebourg,MU,-20.41,57.70,71.89,83,75,13.8,broken clouds
438,Cravo Norte,CO,6.30,-70.20,82.35,68,99,6.08,overcast clouds
439,Atikokan,CA,48.76,-91.62,37.24,67,6,5.08,clear sky
440,Yar-Sale,RU,66.83,70.83,18.1,92,91,4.36,overcast clouds
441,Padang,ID,-0.95,100.35,75.25,87,91,3.04,overcast clouds
442,Abengourou,CI,6.73,-3.50,72.55,98,70,1.88,broken clouds
443,Oga,IT,46.46,10.35,34.68,60,73,1.79,broken clouds
444,Yining,CN,29.04,114.56,55.45,86,99,0.92,overcast clouds
445,Greenfield,US,42.96,-88.01,51.46,71,99,4.0,overcast clouds
446,Sarangani,PH,5.40,125.46,82.78,72,89,3.62,overcast clouds
447,Egvekinot,RU,66.32,-179.17,2.57,85,15,5.46,few clouds
448,Kruisfontein,ZA,-34.00,24.73,61.88,94,2,4.7,clear sky
449,Constitucion,CL,-35.33,-72.42,60.04,73,78,17.27,broken clouds
450,Sibolga,ID,1.74,98.78,75.4,88,100,1.88,overcast clouds
451,Shenjiamen,CN,29.96,122.30,64.49,65,70,3.83,broken clouds
452,Boyolangu,ID,-8.12,111.89,77.45,77,62,3.2,broken clouds
453,Ballina,AU,-28.87,153.57,73.44,83,40,11.5,scattered clouds
454,Savinskiy,RU,62.93,40.14,27.7,97,100,4.61,overcast clouds
455,Muncar,ID,-8.43,114.33,77.88,80,50,1.86,scattered clouds
456,Half Moon Bay,US,37.46,-122.43,66.42,70,1,1.99,haze
457,Quang Ngai,VN,15.12,108.80,73.38,93,100,8.01,overcast clouds
458,Inirida,CO,3.87,-67.92,75.07,98,100,2.01,overcast clouds
459,Tangier,MA,35.78,-5.81,67.35,64,0,17.27,clear sky
460,Husavik,IS,66.04,-17.34,28.31,79,73,6.08,broken clouds
461,Latung,PH,5.50,120.88,82.72,72,99,3.69,overcast clouds
462,Ambilobe,MG,-13.20,49.05,74.01,65,24,6.35,few clouds
463,Nanakuli,US,21.39,-158.15,87.75,49,75,12.66,broken clouds
464,Bintulu,MY,3.17,113.03,75.61,100,20,7.0,few clouds
465,Kinshasa,CD,-4.32,15.32,77.32,88,20,2.3,light rain
466,Ko Samui,TH,9.54,99.94,81.54,75,58,6.53,broken clouds
467,Yerbogachen,RU,61.28,108.01,31.57,98,100,7.25,snow
468,Tomislavgrad,BA,43.72,17.23,29.14,52,98,1.52,overcast clouds
469,Floro,NO,61.60,5.03,49.96,81,90,23.02,overcast clouds
470,Barcelona,ES,41.39,2.16,63.32,89,20,6.91,few clouds
471,Marawi,PH,8.00,124.29,66.65,86,84,1.19,broken clouds
472,Dharampuri,IN,22.17,75.35,74.21,57,22,1.34,few clouds
473,Maumere,ID,-8.62,122.21,81.84,77,93,4.18,overcast clouds
474,Skibbereen,IE,51.55,-9.27,51.6,83,100,14.2,light rain
475,Vardo,NO,70.37,31.11,34.59,79,100,23.47,light rain
476,Big Spring,US,32.25,-101.48,93.27,20,1,5.01,clear sky
477,Suez,EG,29.97,32.53,64.62,83,0,9.51,clear sky
478,Santa Marta,CO,11.24,-74.20,87.85,66,40,11.5,scattered clouds
479,Okha,RU,53.57,142.95,38.93,79,12,5.64,few clouds
480,Ayagoz,KZ,47.97,80.44,37.85,46,62,3.06,broken clouds
481,Harper,LR,4.38,-7.72,77.85,80,100,9.04,overcast clouds
482,Fortuna Foothills,US,32.66,-114.41,88.21,37,1,5.99,clear sky
483,Sakaraha,MG,-22.90,44.53,71.87,54,67,3.27,broken clouds
484,Hailar,CN,49.20,119.70,30.87,88,31,10.58,scattered clouds
485,Pontes E Lacerda,BR,-15.23,-59.34,79.7,54,100,2.89,light rain
486,Gobabis,NA,-22.45,18.97,69.19,15,0,9.75,clear sky
487,Mattru,SL,7.62,-11.83,74.25,96,100,2.26,light rain
488,Borodino,RU,55.91,94.90,43.34,67,84,16.62,broken clouds
489,Kefalos,GR,36.75,26.96,62.82,67,20,8.05,few clouds
490,Kavaratti,IN,10.57,72.64,82.4,73,55,14.45,broken clouds
491,Mogadishu,SO,2.04,45.34,79.02,81,48,10.51,scattered clouds
492,Phalombe,MW,-15.81,35.65,72.43,78,28,3.44,light rain
493,Pisco,PE,-13.70,-76.22,64.45,72,0,19.57,clear sky
494,Hede,CN,33.77,120.25,54.61,80,43,4.18,light rain
495,Slave Lake,CA,55.28,-114.77,42.78,93,90,6.91,overcast clouds
496,Temiscaming,CA,46.72,-79.10,50.68,61,100,6.91,light rain
497,Villanueva,HN,15.32,-88.00,92.39,59,20,18.41,few clouds
498,Gainesville,US,29.65,-82.32,82.24,67,1,1.01,clear sky
499,Jawhar,SO,2.78,45.50,75.69,82,40,7.34,scattered clouds
500,Bontang,ID,0.13,117.50,77.16,87,89,3.58,overcast clouds
501,Samarai,PG,-10.62,150.67,83.07,73,42,9.15,scattered clouds
502,Dmitrovsk-Orlovskiy,RU,52.51,35.15,29.97,75,17,7.56,few clouds
503,Oksfjord,NO,70.24,22.35,29.32,93,82,10.02,broken clouds
504,Nosy Varika,MG,-20.58,48.53,70.52,90,2,4.54,clear sky
505,Mahur,IN,25.17,93.12,61.7,89,13,1.34,few clouds
506,Comodoro Rivadavia,AR,-45.87,-67.50,60.66,31,0,23.02,clear sky
507,Parfenyevo,RU,58.48,43.41,34.81,95,100,13.02,snow
508,Kapuskasing,CA,49.42,-82.43,37.49,81,20,4.61,few clouds
509,Monkey Bay,MW,-14.07,34.92,81.68,59,41,4.0,scattered clouds
510,Todos Santos,MX,23.45,-110.22,87.12,71,0,10.4,clear sky
511,Barcelos,PT,41.54,-8.62,58.84,86,0,3.83,clear sky
512,Seinajoki,FI,62.79,22.83,46.0,80,90,4.0,overcast clouds
513,Faya,SA,18.39,42.45,57.31,74,0,2.39,clear sky
514,Bagno A Ripoli,IT,43.75,11.32,56.53,71,40,3.44,scattered clouds
515,Montero,BO,-17.33,-63.25,80.28,33,80,2.46,broken clouds
516,Naliya,IN,23.27,68.83,76.64,63,0,5.95,clear sky
517,Kumylzhenskaya,RU,49.88,42.59,29.95,68,25,4.52,scattered clouds
518,Miri,MY,4.41,114.01,77.14,100,40,1.14,light rain
519,Marzuq,YE,14.40,46.47,70.25,52,24,2.33,few clouds
520,Nadym,RU,65.53,72.52,24.96,93,100,4.72,overcast clouds
521,Batagay-Alyta,RU,67.80,130.41,2.08,90,100,2.91,overcast clouds
522,Dunedin,NZ,-45.87,170.50,58.8,79,100,5.01,overcast clouds
523,Vengerovo,RU,55.68,76.75,42.55,89,100,12.71,light rain
524,Gladstone,AU,-23.85,151.25,72.79,83,75,6.91,moderate rain
525,Sebastian,US,35.17,-94.27,70.36,61,1,2.24,clear sky
526,Lhokseumawe,ID,5.18,97.15,77.05,86,85,2.75,overcast clouds
527,Valdivia,CL,-39.81,-73.25,57.29,94,100,3.09,overcast clouds
528,Tarrafal,CV,15.28,-23.77,79.59,78,39,14.74,scattered clouds
529,Constantine,DZ,36.37,6.61,58.41,94,75,2.3,broken clouds
530,Tual,ID,-5.67,132.75,83.19,74,39,7.31,scattered clouds
531,Trudovoye,RU,43.31,132.08,38.93,93,75,0.0,broken clouds
532,Czersk,PL,53.80,17.98,43.65,72,100,6.02,overcast clouds
533,Urucui,BR,-7.23,-44.56,83.39,61,61,1.32,broken clouds
534,Iskateley,RU,67.68,53.15,22.23,84,37,10.89,scattered clouds
535,Olds,CA,51.78,-114.10,57.43,24,22,14.97,few clouds
536,Pacifica,US,37.61,-122.49,65.73,78,40,7.0,haze
537,Lake City,US,30.19,-82.64,81.0,73,90,5.75,overcast clouds
538,Olovyannaya,RU,50.95,115.57,30.83,80,3,9.01,clear sky
539,Limoges,FR,45.75,1.33,52.36,100,90,4.61,mist
540,Gornozavodsk,RU,58.38,58.32,25.59,83,76,10.2,broken clouds
541,Diffa,NE,13.32,12.61,85.95,23,17,8.77,few clouds
542,Semnan,IR,35.57,53.40,53.53,27,0,4.38,clear sky
543,Grande Riviere Du Nord,HT,19.58,-72.18,77.27,89,17,3.96,few clouds
544,Destin,US,30.39,-86.50,84.83,81,1,4.61,clear sky
545,Kahului,US,20.89,-156.47,84.22,70,20,25.32,few clouds
546,Labuhan,ID,-6.88,112.21,80.38,75,49,5.32,scattered clouds
547,Road Town,VG,18.42,-64.62,83.19,78,40,8.05,scattered clouds
548,Samfya,ZM,-11.36,29.56,74.77,37,42,6.55,scattered clouds
549,Yarmouth,US,41.71,-70.23,66.34,95,75,0.0,broken clouds
550,Cardston,CA,49.20,-113.30,52.09,37,100,6.91,overcast clouds
551,Valparaiso,CL,-33.04,-71.63,71.83,54,0,12.66,clear sky
552,Nizwa,OM,22.93,57.53,77.31,47,0,3.15,clear sky
553,Bayanday,RU,53.07,105.51,33.87,68,98,4.85,overcast clouds
554,Weligama,LK,5.97,80.42,77.65,86,98,9.6,heavy intensity rain
555,Greenwood,US,34.17,-82.12,73.99,66,75,5.75,broken clouds
556,Vila Franca Do Campo,PT,37.72,-25.43,68.41,79,25,5.5,scattered clouds
557,Mnogovershinnyy,RU,53.94,139.92,34.21,81,48,3.58,scattered clouds
558,Santa Maria,BR,-29.68,-53.81,72.7,46,0,2.3,clear sky
559,Merauke,ID,-8.47,140.33,81.81,79,92,9.53,overcast clouds
560,Qaqortoq,GL,60.72,-46.03,28.9,47,38,5.39,scattered clouds
561,Musoma,TZ,-1.50,33.80,71.62,94,75,0.0,broken clouds
562,Mlonggo,ID,-6.53,110.70,76.89,73,91,6.38,overcast clouds
563,Lakhna,IN,26.65,79.15,70.97,69,8,5.06,clear sky
564,Carutapera,BR,-1.20,-46.02,80.49,79,42,8.37,scattered clouds
565,Ostrovnoy,RU,68.05,39.51,20.75,95,68,6.11,broken clouds
566,Ust-Uda,RU,54.17,103.03,36.55,73,100,4.59,overcast clouds
567,Cabedelo,BR,-6.98,-34.83,81.27,69,71,15.99,broken clouds
568,Belmonte,BR,-15.86,-38.88,77.5,91,100,7.85,overcast clouds
569,Bundaberg,AU,-24.85,152.35,77.22,95,40,1.99,light rain
570,Astoria,US,46.19,-123.83,55.85,89,90,4.0,overcast clouds
571,Kiunga,PG,-6.12,141.29,78.96,89,100,1.57,overcast clouds
572,Xai-Xai,MZ,-25.05,33.64,70.36,92,99,6.53,overcast clouds
573,Belyy Yar,RU,53.60,91.39,46.29,66,0,6.71,clear sky
574,Bennettsville,US,34.62,-79.68,79.36,77,90,3.44,overcast clouds
575,Santa Rita,BR,-7.11,-34.98,81.27,74,20,9.22,few clouds
576,Nhulunbuy,AU,-12.23,136.77,86.61,70,75,11.5,broken clouds
577,Clonmel,IE,52.35,-7.70,53.42,90,100,7.31,overcast clouds
578,Sosnowiec,PL,50.29,19.10,46.11,76,96,3.78,overcast clouds
579,Pundaguitan,PH,6.37,126.17,81.52,79,91,7.45,overcast clouds
580,Beringovskiy,RU,63.05,179.32,13.96,72,100,5.03,overcast clouds
581,Portland,US,45.52,-122.68,55.38,86,90,1.99,overcast clouds
582,Alugan,PH,12.22,125.48,80.78,81,99,9.28,light rain
583,Anloga,GH,5.79,0.90,82.62,80,100,12.1,moderate rain
584,Galway,IE,53.27,-9.05,49.95,86,96,17.98,moderate rain
585,Bagdarin,RU,54.43,113.60,27.72,78,86,3.06,overcast clouds
586,Necochea,AR,-38.55,-58.74,55.04,65,18,4.52,few clouds
587,Porto Velho,BR,-8.76,-63.90,80.65,74,75,3.44,heavy intensity rain
588,Jinchang,CN,38.50,102.17,42.51,64,97,2.84,overcast clouds
589,Suraabad,AZ,40.82,49.47,48.38,79,100,28.25,overcast clouds
590,Luau,AO,-10.71,22.22,66.65,85,100,2.75,overcast clouds
591,Sitka,US,57.05,-135.33,48.09,66,75,0.0,broken clouds
592,Mitu,CO,1.20,-70.17,71.02,100,100,2.15,moderate rain
593,Cockburn Town,TC,21.46,-71.14,82.81,76,22,15.55,few clouds
594,Klobuck,PL,50.90,18.94,42.62,51,96,14.92,overcast clouds
595,Kuching,MY,1.55,110.33,77.22,94,40,3.44,scattered clouds
596,Baihar,IN,22.10,80.55,62.24,72,0,2.46,clear sky
597,Nantucket,US,41.28,-70.10,66.34,92,90,12.66,thunderstorm
598,Machinga,MW,-15.17,35.30,75.67,60,57,2.68,light rain
599,Hirna,ET,9.22,41.10,61.95,51,37,4.76,scattered clouds
600,Gallup,US,35.53,-108.74,75.04,21,1,4.0,clear sky
601,Surdulica,RS,42.69,22.17,44.58,77,0,4.85,clear sky
602,Okato,NZ,-39.20,173.88,65.43,89,95,9.6,overcast clouds
603,Bulgan,MN,48.81,103.53,32.68,58,17,4.03,few clouds
604,Ciudad Bolivar,VE,8.12,-63.55,76.17,88,75,11.95,broken clouds
605,Oyama,JP,36.30,139.80,57.09,87,100,7.43,light rain
606,Mareeba,AU,-17.00,145.43,79.48,44,43,5.88,scattered clouds
607,Brigantine,US,39.41,-74.36,72.32,88,20,5.75,few clouds
608,Haines Junction,CA,60.75,-137.51,28.35,74,100,1.14,overcast clouds
609,Moosomin,CA,50.13,-101.67,43.95,64,97,21.16,overcast clouds
610,Bonavista,CA,48.65,-53.11,41.11,65,94,19.37,overcast clouds
611,Stavern,NO,59.00,10.03,52.05,94,90,16.58,overcast clouds
612,Santa Cruz,BO,-17.80,-63.17,78.85,53,96,4.61,overcast clouds
613,Pasighat,IN,28.07,95.33,66.25,78,3,3.15,clear sky
614,Kasongo-Lunda,CD,-6.47,16.82,69.19,99,90,1.5,overcast clouds
615,Yaan,NG,7.38,8.57,75.99,88,100,6.2,light rain
616,Istmina,CO,5.16,-76.68,74.39,97,73,3.22,broken clouds
617,Leh,IN,34.17,77.58,26.62,71,27,1.66,scattered clouds
618,Yeniseysk,RU,58.45,92.17,34.7,75,99,10.56,overcast clouds
619,Paraiso,CR,9.84,-83.87,69.71,98,86,1.63,overcast clouds
620,Sao Joao Da Barra,BR,-21.64,-41.05,71.28,86,99,8.95,overcast clouds
621,Gigmoto,PH,13.78,124.39,81.68,83,99,9.33,overcast clouds
622,Mikhaylovka,RU,50.06,43.24,29.19,71,27,5.01,scattered clouds
623,Fort Nelson,CA,58.81,-122.70,29.79,100,90,2.3,light snow
624,Banjarmasin,ID,-3.32,114.59,75.34,90,24,1.5,few clouds
625,Saryozek,KZ,44.36,77.98,46.4,30,0,7.38,clear sky
626,Yakeshi,CN,49.28,120.73,30.38,93,75,6.89,broken clouds
627,Puntarenas,CR,9.98,-84.84,84.13,87,88,4.68,overcast clouds
628,Fare,PF,-16.70,-151.02,76.33,84,100,5.44,moderate rain
629,Agirish,RU,61.92,63.02,25.66,75,59,8.99,broken clouds
630,Smithers,CA,54.78,-127.17,43.12,93,90,4.61,light rain
631,Hit,IQ,33.64,42.83,69.76,30,0,6.91,clear sky
632,Hami,CN,42.80,93.45,45.55,35,0,7.58,clear sky
633,Champerico,GT,14.30,-91.92,86.34,78,66,5.12,broken clouds
634,Cranbrook,CA,49.50,-115.77,48.04,57,75,11.5,broken clouds
635,Eureka,US,40.80,-124.16,63.19,73,69,8.01,broken clouds
636,Mackay,AU,-21.15,149.20,80.58,74,40,10.36,scattered clouds
637,Magnitka,RU,55.35,59.70,25.84,86,99,12.01,overcast clouds
638,Basoko,CD,1.24,23.62,72.27,88,98,0.78,overcast clouds
639,Kirakira,SB,-10.45,161.92,85.91,67,19,10.69,few clouds
640,Harindanga,IN,22.04,88.32,78.78,82,10,4.81,clear sky
641,Shiraz,IR,29.60,52.54,53.04,32,0,0.0,clear sky
642,Itacare,BR,-14.28,-39.00,82.29,91,100,7.02,overcast clouds
643,Kudahuvadhoo,MV,2.67,72.89,82.74,75,98,15.86,light rain
644,Zrenjanin,RS,45.38,20.38,46.62,54,0,18.12,clear sky
645,Katol,IN,21.27,78.58,66.76,59,57,3.13,broken clouds
646,Vagay,RU,57.94,69.02,36.05,98,100,5.1,light rain
647,Rakiv Lis,UA,51.62,24.92,37.58,64,35,8.77,scattered clouds
648,Westerville,US,40.13,-82.93,58.21,94,90,1.01,moderate rain
649,Naron,ES,43.52,-8.15,57.04,85,15,4.03,few clouds
650,Mandan,US,46.83,-100.89,49.98,67,1,26.46,clear sky
651,General Roca,AR,-39.03,-67.58,75.6,35,100,31.79,overcast clouds
652,The Valley,AI,18.22,-63.06,82.54,74,20,11.5,few clouds
653,Savannah Bight,HN,16.45,-85.85,89.65,83,7,22.3,clear sky
654,Serowe,BW,-22.38,26.72,58.62,85,92,12.62,light rain
655,Tommot,RU,58.96,126.29,33.89,94,100,8.9,light rain
656,Poso,ID,-1.40,120.75,79.23,82,62,4.36,broken clouds
657,Port Hawkesbury,CA,45.62,-61.35,49.59,93,90,5.01,overcast clouds
658,Ust-Kut,RU,56.79,105.77,42.89,83,100,17.65,overcast clouds
659,The Pas,CA,53.83,-101.25,44.62,65,75,20.71,broken clouds
660,Sungaipenuh,ID,-2.08,101.38,64.62,94,99,2.04,light rain
661,Leirvik,NO,59.78,5.50,51.91,83,100,18.77,light rain
662,Balkanabat,TM,39.51,54.37,56.66,60,61,8.37,broken clouds
663,Yeppoon,AU,-23.13,150.73,73.18,83,100,11.52,overcast clouds
664,Westport,US,41.14,-73.36,71.37,89,90,5.01,overcast clouds
665,Penzance,GB,50.12,-5.54,55.76,84,95,14.47,overcast clouds
666,Bereda,ES,43.27,-7.54,48.92,100,16,1.3,few clouds
667,Qasigiannguit,GL,68.82,-51.19,16.05,81,1,3.76,clear sky
668,Legionowo,PL,52.40,20.93,46.26,74,0,3.0,clear sky
669,Makarov,RU,48.63,142.80,45.39,92,15,5.59,few clouds
670,Chapeco,BR,-27.10,-52.62,71.35,60,20,4.61,few clouds
671,Vallenar,CL,-28.57,-70.76,66.31,49,0,5.3,clear sky
672,Domodossola,IT,46.12,8.29,54.34,74,9,4.05,clear sky
673,Aykhal,RU,66.00,111.50,11.35,95,89,11.72,overcast clouds
674,Dong Hoi,VN,17.48,106.60,70.97,84,100,9.98,overcast clouds
675,Whitehorse,CA,60.72,-135.05,30.02,93,75,6.91,broken clouds
676,Nador,MA,35.17,-2.93,66.45,72,20,4.61,few clouds
677,Moree,AU,-29.47,149.85,69.82,28,0,8.05,clear sky
678,Nakapiripirit,UG,1.92,34.78,70.18,56,55,7.96,broken clouds
679,Miquelon,PM,47.10,-56.38,46.36,63,88,3.83,overcast clouds
680,Warrnambool,AU,-38.38,142.48,55.81,64,27,7.65,scattered clouds
681,Terney,RU,45.05,136.61,48.52,57,0,4.0,clear sky
682,Uvat,RU,59.14,68.90,33.69,98,100,7.94,light rain
683,Cherkessk,RU,44.22,42.06,30.6,85,11,3.96,few clouds
684,Chegdomyn,RU,51.12,133.02,32.92,83,2,1.57,clear sky
685,Lyuban,BY,52.80,28.00,35.19,71,86,8.19,overcast clouds
686,Monchegorsk,RU,67.94,32.87,25.65,94,100,2.71,light snow
687,Brandon,US,27.94,-82.29,82.85,91,40,1.01,scattered clouds
688,Garden City,US,42.33,-83.33,50.11,90,90,1.99,overcast clouds
689,Gushikawa,JP,26.35,127.87,72.63,85,1,6.91,clear sky
690,La Ronge,CA,55.10,-105.28,43.05,65,90,18.41,overcast clouds
691,Andros,GR,37.83,24.93,61.36,61,97,13.0,overcast clouds
692,Boralday,KZ,43.36,76.86,37.26,75,20,0.0,few clouds
693,Mokhsogollokh,RU,61.47,128.92,31.33,97,100,5.03,overcast clouds
694,Homer,US,59.64,-151.55,42.69,77,75,6.91,broken clouds
695,Deniliquin,AU,-35.53,144.97,61.0,35,0,5.19,clear sky
696,Sambava,MG,-14.27,50.17,73.71,80,73,8.95,broken clouds
697,Caravelas,BR,-17.71,-39.25,75.06,94,100,3.31,overcast clouds
698,Hovd,MN,48.01,91.64,32.59,52,9,0.22,clear sky
699,Puerto Penasco,MX,31.32,-113.53,76.91,76,0,18.01,clear sky
700,Sisimiut,GL,66.94,-53.67,17.28,68,0,12.55,clear sky
701,Gairo,IT,39.85,9.50,53.17,84,94,2.57,overcast clouds
